<?xml version="1.0" encoding="utf-8" ?><dwsync><file name="muschel_x2.jpg" server="www.thefutureofdemonstration.net/www.thefutureofdemonstration.net/htdocs/" local="3779102005" remote="3780302400" Dst="-1" /><file name="curser.png" server="www.thefutureofdemonstration.net/www.thefutureofdemonstration.net/htdocs/" local="3779098144" remote="3780302400" Dst="-1" /><file name="board.png" server="www.thefutureofdemonstration.net/www.thefutureofdemonstration.net/htdocs/" local="3780251428" remote="3780302400" Dst="-1" /><file name="zg_06.jpg" server="www.thefutureofdemonstration.net/www.thefutureofdemonstration.net/htdocs/" local="3780238199" remote="3780302400" Dst="-1" /><file name="curser.gif" server="www.thefutureofdemonstration.net/www.thefutureofdemonstration.net/htdocs/" local="3780577830" remote="3780570600" Dst="-1" /><file name="board.svg" server="www.thefutureofdemonstration.net/www.thefutureofdemonstration.net/htdocs/" local="3780252670" remote="3780302400" Dst="-1" /><file name="tiled-concrete-texture-4.jpg" server="www.thefutureofdemonstration.net/www.thefutureofdemonstration.net/htdocs/" local="3779263186" remote="3780302400" Dst="-1" /><file name="curser32.gif" server="www.thefutureofdemonstration.net/www.thefutureofdemonstration.net/htdocs/" local="3780734305" remote="3780727200" Dst="-1" /><file name="logo.svg" server="www.thefutureofdemonstration.net/www.thefutureofdemonstration.net/htdocs/" local="3780391737" remote="3780384540" Dst="-1" /><file name="T_Asphalt_07_BC.jpg" server="www.thefutureofdemonstration.net/www.thefutureofdemonstration.net/htdocs/" local="3779263087" remote="3780302400" Dst="-1" /><file name="bg01.gif" server="www.thefutureofdemonstration.net/www.thefutureofdemonstration.net/htdocs/" local="3780384992" remote="3780381840" Dst="-1" /><file name="bg02.gif" server="www.thefutureofdemonstration.net/www.thefutureofdemonstration.net/htdocs/" local="3780386585" remote="3780381840" Dst="-1" /><file name="bg03.gif" server="www.thefutureofdemonstration.net/www.thefutureofdemonstration.net/htdocs/" local="3780470051" remote="3780463440" Dst="-1" /><file name="bg04.jpg" server="www.thefutureofdemonstration.net/www.thefutureofdemonstration.net/htdocs/" local="3780730959" remote="3780832860" Dst="-1" /><file name="noise.png" server="www.thefutureofdemonstration.net/www.thefutureofdemonstration.net/htdocs/" local="3780575839" remote="3780569100" Dst="-1" /><file name="img-noise-361x370.png" server="www.thefutureofdemonstration.net/www.thefutureofdemonstration.net/htdocs/" local="3780575432" remote="3780720420" Dst="-1" /><file name="bg05.jpg" server="www.thefutureofdemonstration.net/www.thefutureofdemonstration.net/htdocs/" local="3780731098" remote="3780727320" Dst="-1" /><file name="Asset 3.svg" server="www.thefutureofdemonstration.net/www.thefutureofdemonstration.net/htdocs/" local="3780831829" remote="3780832860" Dst="-1" /><file name="curser32_02.gif" server="www.thefutureofdemonstration.net/www.thefutureofdemonstration.net/htdocs/" local="3780733756" remote="3780832860" Dst="-1" /><file name="curser32_02.psd" server="www.thefutureofdemonstration.net/www.thefutureofdemonstration.net/htdocs/" local="3780734136" remote="3780832860" Dst="-1" /><file name="skater.svg" server="www.thefutureofdemonstration.net/www.thefutureofdemonstration.net/htdocs/" local="3780826993" remote="3780832860" Dst="-1" /><file name="skater02.svg" server="www.thefutureofdemonstration.net/www.thefutureofdemonstration.net/htdocs/" local="3780898989" remote="3780891780" Dst="-1" /><file name="spiral.svg" server="www.thefutureofdemonstration.net/www.thefutureofdemonstration.net/htdocs/" local="3780827864" remote="3780832860" Dst="-1" /><file name="spiral_1.svg" server="www.thefutureofdemonstration.net/www.thefutureofdemonstration.net/htdocs/" local="3780833888" remote="3780832860" Dst="-1" /><file name="wheel02.svg" server="www.thefutureofdemonstration.net/www.thefutureofdemonstration.net/htdocs/" local="3780732143" remote="3780832860" Dst="-1" /></dwsync>